PassengerId,Survived,Pclass,Sex,Age,SibSp,Parch,Ticket (prefix),Ticket (number),Nb-cotiket,Fare,Cabin-nb,Cabin-letter,Embarked,Name
180,0,3,male,36,0,0,LINE,0,4,0,0,none,S,Mr.
272,1,3,male,25,0,0,LINE,0,4,0,0,none,S,Mr.
303,0,3,male,19,0,0,LINE,0,4,0,0,none,S,Mr.
598,0,3,male,49,0,0,LINE,0,4,0,0,none,S,Mr.
773,0,2,female,57,0,0,S.O./P.P.,3,2,10.5,77,E,S,Mrs.
842,0,2,male,16,0,0,S.O./P.P.,3,0,10.5,0,none,S,Mr.
474,1,2,female,23,0,0,SC/AH,541,1,13.7917,0,D,C,Mrs.
546,0,1,male,64,0,0,none,693,1,26,0,none,S,Mr.
873,0,1,male,33,0,0,none,695,1,5,51,B,S,Mr.
227,1,2,male,19,0,0,SW/PP,751,3,10.5,0,none,S,Mr.
649,0,3,male,29.84760522,0,0,S.O./P.P.,751,3,7.55,0,none,S,Mr.
571,1,2,male,62,0,0,S.W./PP,752,3,10.5,0,none,S,Mr.
154,0,3,male,40.5,0,2,A/5,851,1,14.5,0,none,S,Mr.
151,0,2,male,51,0,0,S.O.P.,1166,1,12.525,0,none,S,Rev.
240,0,2,male,33,0,0,SCO/W,1585,1,12.275,0,none,S,Mr.
75,1,3,male,32,0,0,none,1601,7,56.4958,0,none,S,Mr.
170,0,3,male,28,0,0,none,1601,7,56.4958,0,none,S,Mr.
510,1,3,male,26,0,0,none,1601,7,56.4958,0,none,S,Mr.
644,1,3,male,29.84760522,0,0,none,1601,7,56.4958,0,none,S,Mr.
693,1,3,male,29.84760522,0,0,none,1601,7,56.4958,0,none,S,Mr.
827,0,3,male,29.84760522,0,0,none,1601,7,56.4958,0,none,S,Mr.
839,1,3,male,32,0,0,none,1601,7,56.4958,0,none,S,Mr.
390,1,2,female,17,0,0,SC,1748,1,12,0,none,C,Miss.
427,1,2,female,28,1,0,none,2003,1,26,0,none,S,Mrs.
818,0,2,male,31,1,1,S.C./PARIS,2079,2,37.0042,0,none,C,Mr.
828,1,2,male,1,0,2,S.C./PARIS,2079,2,37.0042,0,none,C,Master.
44,1,2,female,3,1,2,SC/Paris,2123,3,41.5792,0,none,C,Miss.
609,1,2,female,22,1,2,SC/Paris,2123,3,41.5792,0,none,C,Mrs.
686,0,2,male,25,1,2,SC/Paris,2123,3,41.5792,0,none,C,Mr.
182,0,2,male,29.84760522,0,0,SC/Paris,2131,1,15.05,0,none,C,Mr.
136,0,2,male,23,0,0,SC/Paris,2133,1,15.0458,0,none,C,Mr.
60,0,3,male,11,5,2,C.A.,2144,6,46.9,0,none,S,Master.
72,0,3,female,16,5,2,C.A.,2144,6,46.9,0,none,S,Miss.
387,0,3,male,1,5,2,C.A.,2144,6,46.9,0,none,S,Master.
481,0,3,male,9,5,2,C.A.,2144,6,46.9,0,none,S,Master.
679,0,3,female,43,1,6,C.A.,2144,6,46.9,0,none,S,Mrs.
684,0,3,male,14,5,2,C.A.,2144,6,46.9,0,none,S,Mr.
548,1,2,male,29.84760522,0,0,SC/Paris,2146,1,13.8625,0,none,C,Mr.
867,1,2,female,27,1,0,SC/Paris,2149,1,13.8583,0,none,C,Miss.
13,0,3,male,20,0,0,A/5,2151,1,8.05,0,none,S,Mr.
38,0,3,male,21,0,0,A/5,2152,1,8.05,0,none,S,Mr.
293,0,2,male,36,0,0,SC/Paris,2163,1,12.875,0,D,C,Mr.
362,0,2,male,29,1,0,SC/Paris,2167,1,27.7208,0,none,C,Mr.
835,0,3,male,18,0,0,none,2223,1,8.3,0,none,S,Mr.
650,1,3,female,23,0,0,C.A.,2314,1,7.55,0,none,S,Miss.
94,0,3,male,26,1,2,C.A.,2315,2,20.575,0,none,S,Mr.
789,1,3,male,1,1,2,C.A.,2315,2,20.575,0,none,S,Master.
160,0,3,male,29.84760522,8,2,C.A.,2343,7,69.55,0,none,S,Master.
181,0,3,female,29.84760522,8,2,C.A.,2343,7,69.55,0,none,S,Miss.
202,0,3,male,29.84760522,8,2,C.A.,2343,7,69.55,0,none,S,Mr.
325,0,3,male,29.84760522,8,2,C.A.,2343,7,69.55,0,none,S,Mr.
793,0,3,female,29.84760522,8,2,C.A.,2343,7,69.55,0,none,S,Miss.
847,0,3,male,29.84760522,8,2,C.A.,2343,7,69.55,0,none,S,Mr.
864,0,3,female,29.84760522,8,2,C.A.,2343,7,69.55,0,none,S,Miss.
305,0,3,male,29.84760522,0,0,A/5,2466,1,8.05,0,none,S,Mr.
554,1,3,male,22,0,0,none,2620,1,7.225,0,none,C,Mr.
662,0,3,male,40,0,0,none,2623,1,7.225,0,none,C,Mr.
523,0,3,male,29.84760522,0,0,none,2624,1,7.225,0,none,C,Mr.
804,1,3,male,0.42,0,1,none,2625,1,8.5167,0,none,C,Master.
368,1,3,female,29.84760522,0,0,none,2626,1,7.2292,0,none,C,Mrs.
115,0,3,female,17,0,0,none,2627,2,14.4583,0,none,C,Miss.
496,0,3,male,29.84760522,0,0,none,2627,2,14.4583,0,none,C,Mr.
204,0,3,male,45.5,0,0,none,2628,1,7.225,0,none,C,Mr.
860,0,3,male,29.84760522,0,0,none,2629,1,7.2292,0,none,C,Mr.
27,0,3,male,29.84760522,0,0,none,2631,1,7.225,0,none,C,Mr.
532,0,3,male,29.84760522,0,0,none,2641,1,7.2292,0,none,C,Mr.
355,0,3,male,29.84760522,0,0,none,2647,1,7.225,0,none,C,Mr.
379,0,3,male,20,0,0,none,2648,1,4.0125,0,none,C,Mr.
20,1,3,female,29.84760522,0,0,none,2649,1,7.225,0,none,C,Mrs.
256,1,3,female,29,0,2,none,2650,1,15.2458,0,none,C,Mrs.
40,1,3,female,14,1,0,none,2651,2,11.2417,0,none,C,Miss.
126,1,3,male,12,1,0,none,2651,2,11.2417,0,none,C,Master.
382,1,3,female,1,0,2,none,2653,2,15.7417,0,none,C,Miss.
623,1,3,male,20,1,1,none,2653,2,15.7417,0,none,C,Mr.
621,0,3,male,27,1,0,none,2659,2,14.4542,0,none,C,Mr.
831,1,3,female,15,1,0,none,2659,2,14.4542,0,none,C,Mrs.
66,1,3,male,29.84760522,1,1,none,2661,2,15.2458,0,none,C,Master.
710,1,3,male,29.84760522,1,1,none,2661,2,15.2458,0,none,C,Master.
49,0,3,male,29.84760522,2,0,none,2662,1,21.6792,0,none,C,Mr.
763,1,3,male,20,0,0,none,2663,1,7.2292,0,none,C,Mr.
599,0,3,male,29.84760522,0,0,none,2664,1,7.225,0,none,C,Mr.
112,0,3,female,14.5,1,0,none,2665,2,14.4542,0,none,C,Miss.
241,0,3,female,29.84760522,1,0,none,2665,2,14.4542,0,none,C,Miss.
449,1,3,female,5,2,1,none,2666,4,19.2583,0,none,C,Miss.
470,1,3,female,0.75,2,1,none,2666,4,19.2583,0,none,C,Miss.
645,1,3,female,0.75,2,1,none,2666,4,19.2583,0,none,C,Miss.
859,1,3,female,24,0,3,none,2666,4,19.2583,0,none,C,Mrs.
876,1,3,female,15,0,0,none,2667,1,7.225,0,none,C,Miss.
129,1,3,female,29.84760522,1,1,none,2668,2,22.3583,0,F,C,Miss.
534,1,3,female,29.84760522,0,2,none,2668,2,22.3583,0,none,C,Mrs.
61,0,3,male,22,0,0,none,2669,1,7.2292,0,none,C,Mr.
833,0,3,male,29.84760522,0,0,none,2671,1,7.2292,0,none,C,Mr.
694,0,3,male,25,0,0,none,2672,1,7.225,0,none,C,Mr.
280,1,3,female,35,1,1,C.A.,2673,2,20.25,0,none,S,Mrs.
747,0,3,male,16,1,1,C.A.,2673,2,20.25,0,none,S,Mr.
774,0,3,male,29.84760522,0,0,none,2674,1,7.225,0,none,C,Mr.
37,1,3,male,29.84760522,0,0,none,2677,1,7.2292,0,none,C,Mr.
141,0,3,female,29.84760522,0,2,none,2678,2,15.2458,0,none,C,Mrs.
853,0,3,female,9,1,1,none,2678,2,15.2458,0,none,C,Miss.
74,0,3,male,26,1,0,none,2680,1,14.4542,0,none,C,Mr.
844,0,3,male,34.5,0,0,none,2683,1,6.4375,0,none,C,Mr.
799,0,3,male,30,0,0,none,2685,1,7.2292,0,none,C,Mr.
569,0,3,male,29.84760522,0,0,none,2686,1,7.2292,0,none,C,Mr.
781,1,3,female,13,0,0,none,2687,1,7.2292,0,none,C,Miss.
579,0,3,female,29.84760522,1,0,none,2689,1,14.4583,0,none,C,Mrs.
533,0,3,male,17,1,1,none,2690,1,7.2292,0,none,C,Mr.
363,0,3,female,45,0,1,none,2691,2,14.4542,0,none,C,Mrs.
703,0,3,female,18,0,1,none,2691,2,14.4542,0,none,C,Miss.
297,0,3,male,23.5,0,0,none,2693,1,7.2292,0,none,C,Mr.
245,0,3,male,30,0,0,none,2694,1,7.225,0,none,C,Mr.
353,0,3,male,15,1,1,none,2695,1,7.2292,0,none,C,Mr.
58,0,3,male,28.5,0,0,none,2697,1,7.2292,0,none,C,Mr.
208,1,3,male,26,0,0,none,2699,2,18.7875,0,none,C,Mr.
732,0,3,male,11,0,0,none,2699,2,18.7875,0,none,C,Mr.
525,0,3,male,29.84760522,0,0,none,2700,1,7.2292,0,none,C,Mr.
465,0,3,male,29.84760522,0,0,A/5,2816,1,8.05,0,none,S,Mr.
455,0,3,male,29.84760522,0,0,A/5,2817,1,8.05,0,none,S,Mr.
544,1,2,male,32,1,0,none,2908,2,26,0,none,S,Mr.
547,1,2,female,19,1,0,none,2908,2,26,0,none,S,Mrs.
54,1,2,female,29,1,0,none,2926,1,26,0,none,S,Mrs.
433,1,2,female,42,1,0,SC/AH,3085,1,26,0,none,S,Mrs.
590,0,3,male,29.84760522,0,0,A/5,3235,1,8.05,0,none,S,Mr.
254,0,3,male,30,1,0,A/5,3336,2,16.1,0,none,S,Mr.
618,0,3,female,26,1,0,A/5,3336,2,16.1,0,none,S,Mrs.
133,0,3,female,47,1,0,A/5,3337,1,14.5,0,none,S,Mrs.
309,0,2,male,30,1,0,P/PP,3381,2,24,0,none,C,Mr.
875,1,2,female,28,1,0,P/PP,3381,2,24,0,none,C,Mrs.
585,0,3,male,29.84760522,0,0,none,3411,1,8.7125,0,none,C,Mr.
478,0,3,male,29,1,0,none,3460,1,7.0458,0,none,S,Mr.
68,0,3,male,19,0,0,S.P.,3464,1,8.1583,0,none,S,Mr.
811,0,3,male,26,0,0,none,3474,1,7.8875,0,none,S,Mr.
669,0,3,male,43,0,0,A/5,3536,1,8.05,0,none,S,Mr.
205,1,3,male,18,0,0,A/5,3540,1,8.05,0,none,S,Mr.
483,0,3,male,50,0,0,A/5,3594,1,8.05,0,none,S,Mr.
593,0,3,male,47,0,0,A/5,3902,1,7.25,0,none,S,Mr.
509,0,3,male,28,0,0,C,4001,1,22.525,0,none,S,Mr.
177,0,3,male,29.84760522,3,1,none,4133,4,25.4667,0,none,S,Master.
230,0,3,female,29.84760522,3,1,none,4133,4,25.4667,0,none,S,Miss.
410,0,3,female,29.84760522,3,1,none,4133,4,25.4667,0,none,S,Miss.
486,0,3,female,29.84760522,3,1,none,4133,4,25.4667,0,none,S,Miss.
484,1,3,female,63,0,0,none,4134,1,9.5875,0,none,S,Mrs.
504,0,3,female,37,0,0,none,4135,1,9.5875,0,none,S,Miss.
114,0,3,female,20,1,0,none,4136,1,9.825,0,none,S,Miss.
403,0,3,female,21,1,0,none,4137,1,9.825,0,none,S,Miss.
678,1,3,female,18,0,0,none,4138,1,9.8417,0,none,S,Miss.
226,0,3,male,22,0,0,PP,4348,1,9.35,0,none,S,Mr.
198,0,3,male,42,0,1,none,4579,1,8.4042,0,none,S,Mr.
846,0,3,male,42,0,0,C.A.,5547,1,7.55,0,none,S,Mr.
663,0,1,male,47,0,0,none,5727,1,25.5875,58,E,S,Mr.
93,0,1,male,46,1,0,W.E.P.,5734,1,61.175,31,E,S,Mr.
541,1,1,female,36,0,2,none,5735,1,71,22,B,S,Miss.
746,0,1,male,70,1,1,none,5735,1,71,22,B,S,Capt.
498,0,3,male,29.84760522,0,0,C.A.,6212,1,15.1,0,none,S,Mr.
683,0,3,male,20,0,0,none,6563,1,9.225,0,none,S,Mr.
784,0,3,male,29.84760522,1,2,W./C.,6607,2,23.45,0,none,S,Mr.
889,0,3,female,29.84760522,1,2,W./C.,6607,2,23.45,0,none,S,Miss.
87,0,3,male,16,1,3,W./C.,6608,4,34.375,0,none,S,Mr.
148,0,3,female,9,2,2,W./C.,6608,4,34.375,0,none,S,Miss.
437,0,3,female,21,2,2,W./C.,6608,4,34.375,0,none,S,Miss.
737,0,3,female,48,1,3,W./C.,6608,4,34.375,0,none,S,Mrs.
236,0,3,female,29.84760522,0,0,W./C.,6609,1,7.55,0,none,S,Miss.
819,0,3,male,43,0,0,C,7075,1,6.45,0,none,S,Mr.
366,0,3,male,30,0,0,C,7076,1,7.25,0,none,S,Mr.
377,1,3,female,22,0,0,C,7077,1,7.25,0,none,S,Miss.
351,0,3,male,23,0,0,none,7267,1,9.225,0,none,S,Mr.
139,0,3,male,16,0,0,none,7534,2,9.2167,0,none,S,Mr.
877,0,3,male,20,0,0,none,7534,2,9.8458,0,none,S,Mr.
104,0,3,male,33,0,0,none,7540,1,8.6542,0,none,S,Mr.
714,0,3,male,29,0,0,none,7545,1,9.4833,0,none,S,Mr.
41,0,3,female,40,1,0,none,7546,1,9.475,0,none,S,Mrs.
883,0,3,female,22,0,0,none,7552,1,10.5167,0,none,S,Miss.
475,0,3,female,22,0,0,none,7553,1,9.8375,0,none,S,Miss.
339,1,3,male,45,0,0,none,7598,1,8.05,0,none,S,Mr.
770,0,3,male,32,0,0,none,8471,1,8.3625,0,none,S,Mr.
653,0,3,male,21,0,0,none,8475,1,8.4333,0,none,S,Mr.
301,1,3,female,29.84760522,0,0,none,9234,1,7.75,0,none,Q,Miss.
11,1,3,female,4,1,1,PP,9549,2,16.7,6,G,S,Miss.
395,1,3,female,24,0,2,PP,9549,2,16.7,6,G,S,Mrs.
284,1,3,male,19,0,0,A/5,10482,1,8.05,0,none,S,Mr.
153,0,3,male,55.5,0,0,A/5,11206,1,8.05,0,none,S,Mr.
42,0,2,female,27,1,0,none,11668,2,21,0,none,S,Mrs.
118,0,2,male,29,1,0,none,11668,2,21,0,none,S,Mr.
249,1,1,male,37,1,1,none,11751,2,52.5542,35,D,S,Mr.
872,1,1,female,47,1,1,none,11751,2,52.5542,35,D,S,Mrs.
137,1,1,female,19,0,2,none,11752,1,26.2833,47,D,S,Miss.
622,1,1,male,42,1,0,none,11753,1,52.5542,19,D,S,Mr.
557,1,1,female,48,1,0,none,11755,1,39.6,16,A,C,Lady.
371,1,1,male,25,1,0,none,11765,1,55.4417,50,E,C,Mr.
311,1,1,female,24,0,0,none,11767,2,83.1583,54,C,C,Miss.
880,1,1,female,56,0,1,none,11767,2,83.1583,50,C,C,Mrs.
572,1,1,female,53,2,0,none,11769,1,51.4792,101,C,S,Mrs.
488,0,1,male,58,0,0,none,11771,1,29.7,37,B,C,Mr.
840,1,1,male,29.84760522,0,0,none,11774,1,29.7,47,C,C,Mr.
219,1,1,female,32,0,0,none,11813,1,76.2917,15,D,C,Miss.
292,1,1,female,19,1,0,none,11967,1,91.0792,49,B,C,Mrs.
485,1,1,male,25,1,0,none,11967,1,91.0792,49,B,C,Mr.
723,0,2,male,34,0,0,none,12233,1,13,0,none,S,Mr.
791,0,3,male,29.84760522,0,0,none,12460,1,7.75,0,none,Q,Mr.
521,1,1,female,30,0,0,none,12749,2,93.5,73,B,S,Miss.
821,1,1,female,52,1,1,none,12749,2,93.5,69,B,S,Mrs.
672,0,1,male,31,1,0,F.C.C.,12750,1,52,71,B,S,Mr.
422,0,3,male,21,0,0,A/5,13032,1,7.7333,0,none,Q,Mr.
584,0,1,male,36,0,0,none,13049,1,40.125,10,A,C,Mr.
648,1,1,male,56,0,0,none,13213,1,35.5,26,A,C,Col.
633,1,1,male,32,0,0,none,13214,1,30.5,50,B,C,Dr.
276,1,1,female,63,1,0,none,13502,3,77.9583,7,D,S,Miss.
628,1,1,female,21,0,0,none,13502,3,77.9583,9,D,S,Miss.
766,1,1,female,51,1,0,none,13502,3,77.9583,11,D,S,Mrs.
435,0,1,male,50,1,0,none,13507,2,55.9,44,E,S,Mr.
578,1,1,female,39,1,0,none,13507,2,55.9,44,E,S,Mrs.
457,0,1,male,65,0,0,none,13509,1,26.55,38,E,S,Mr.
212,1,2,female,35,0,0,F.C.C.,13528,1,21,0,none,S,Miss.
315,0,2,male,43,1,1,F.C.C.,13529,3,26.25,0,none,S,Mr.
441,1,2,female,45,1,1,F.C.C.,13529,3,26.25,0,none,S,Mrs.
536,1,2,female,7,0,2,F.C.C.,13529,3,26.25,0,none,S,Miss.
459,1,2,female,50,0,0,F.C.C.,13531,1,10.5,0,none,S,Miss.
588,1,1,male,60,1,1,none,13567,1,79.2,41,B,C,Mr.
540,1,1,female,22,0,2,none,13568,1,49.5,39,B,C,Miss.
220,0,2,male,30,0,0,none,14208,1,10.5,0,none,S,Mr.
527,1,2,female,50,0,0,W./C.,14258,1,10.5,0,none,S,Miss.
243,0,2,male,29,0,0,W./C.,14263,1,10.5,0,none,S,Mr.
48,1,3,female,29.84760522,0,0,none,14311,1,7.75,0,none,Q,Miss.
574,1,3,female,29.84760522,0,0,none,14312,1,7.75,0,none,Q,Miss.
369,1,3,female,29.84760522,0,0,none,14313,1,7.75,0,none,Q,Miss.
73,0,2,male,21,0,0,S.O.C.,14879,5,73.5,0,none,S,Mr.
121,0,2,male,21,2,0,S.O.C.,14879,5,73.5,0,none,S,Mr.
386,0,2,male,18,0,0,S.O.C.,14879,5,73.5,0,none,S,Mr.
656,0,2,male,24,2,0,S.O.C.,14879,5,73.5,0,none,S,Mr.
666,0,2,male,32,2,0,S.O.C.,14879,5,73.5,0,none,S,Mr.
85,1,2,female,17,0,0,SO/C,14885,1,10.5,0,none,S,Miss.
589,0,3,male,22,0,0,none,14973,1,8.05,0,none,S,Mr.
320,1,1,female,40,1,1,none,16966,2,134.5,34,E,C,Mrs.
338,1,1,female,41,0,0,none,16966,2,134.5,40,E,C,Miss.
741,1,1,male,29.84760522,0,0,none,16988,1,30,45,D,S,Mr.
266,0,2,male,36,0,0,C.A.,17248,1,10.5,0,none,S,Mr.
169,0,1,male,29.84760522,0,0,PC,17318,1,25.925,0,none,S,Mr.
128,1,3,male,24,0,0,C,17369,1,7.1417,0,none,S,Mr.
307,1,1,female,29.84760522,0,0,none,17421,4,110.8833,0,none,C,Miss.
551,1,1,male,17,0,2,none,17421,4,110.8833,70,C,C,Mr.
582,1,1,female,39,1,1,none,17421,4,110.8833,68,C,C,Mrs.
699,0,1,male,49,1,1,none,17421,4,110.8833,68,C,C,Mr.
454,1,1,male,49,1,0,none,17453,2,89.1042,92,C,C,Mr.
850,1,1,female,29.84760522,1,0,none,17453,2,89.1042,92,C,C,Mrs.
7,0,1,male,54,0,0,none,17463,1,51.8625,46,E,S,Mr.
458,1,1,female,29.84760522,1,0,none,17464,1,51.8625,21,D,S,Mrs.
797,1,1,female,49,0,0,none,17465,1,25.9292,17,D,S,Dr.
863,1,1,female,48,0,0,none,17466,1,25.9292,17,D,S,Mrs.
513,1,1,male,36,0,0,PC,17473,1,26.2875,25,E,S,Mr.
573,1,1,male,36,0,0,PC,17474,3,26.3875,25,E,S,Mr.
691,1,1,male,31,1,0,none,17474,3,57,20,B,S,Mr.
782,1,1,female,17,1,0,none,17474,3,57,20,B,S,Mrs.
702,1,1,male,35,0,0,PC,17475,1,26.2875,24,E,S,Mr.
708,1,1,male,42,0,0,PC,17476,1,26.2875,24,E,S,Mr.
370,1,1,female,24,0,0,PC,17477,2,69.3,35,B,C,Mme.
642,1,1,female,24,0,0,PC,17477,2,69.3,35,B,C,Mlle.
711,1,1,female,24,0,0,PC,17482,1,49.5042,90,C,C,Mlle.
528,0,1,male,29.84760522,0,0,PC,17483,1,221.7792,95,C,S,Mr.
310,1,1,female,30,0,0,PC,17485,2,56.9292,36,E,C,Miss.
600,1,1,male,49,1,0,PC,17485,2,56.9292,20,A,C,Sir.
119,0,1,male,24,0,1,PC,17558,2,247.5208,58,B,C,Mr.
300,1,1,female,50,0,1,PC,17558,2,247.5208,58,B,C,Mrs.
32,1,1,female,29.84760522,1,0,PC,17569,2,146.5208,78,B,C,Mrs.
196,1,1,female,58,0,0,PC,17569,2,146.5208,80,B,C,Miss.
53,1,1,female,49,1,0,PC,17572,3,76.7292,33,D,C,Mrs.
646,1,1,male,48,1,0,PC,17572,3,76.7292,33,D,C,Mr.
682,1,1,male,27,0,0,PC,17572,3,76.7292,49,D,C,Mr.
269,1,1,female,58,0,1,PC,17582,3,153.4625,125,C,S,Mrs.
333,0,1,male,38,0,1,PC,17582,3,153.4625,91,C,S,Mr.
610,1,1,female,40,0,0,PC,17582,3,153.4625,125,C,S,Miss.
257,1,1,female,29.84760522,0,0,PC,17585,1,79.2,0,none,C,Mrs.
868,0,1,male,31,0,0,PC,17590,1,50.4958,24,A,S,Mr.
854,1,1,female,16,0,1,PC,17592,1,39.4,28,D,S,Miss.
140,0,1,male,24,0,0,PC,17593,2,79.2,86,B,C,Mr.
790,0,1,male,46,0,0,PC,17593,2,79.2,82,B,C,Mr.
178,0,1,female,50,0,0,PC,17595,1,28.7125,49,C,C,Miss.
274,0,1,male,37,0,1,PC,17596,1,29.7,118,C,C,Mr.
156,0,1,male,51,0,1,PC,17597,1,61.3792,0,none,C,Mr.
2,1,1,female,38,1,0,PC,17599,1,71.2833,85,C,C,Mrs.
794,0,1,male,29.84760522,0,0,PC,17600,1,30.6958,0,none,C,Mr.
31,0,1,male,40,0,0,PC,17601,1,27.7208,0,none,C,Don.
514,1,1,female,54,1,0,PC,17603,1,59.4,0,none,C,Mrs.
35,0,1,male,28,1,0,PC,17604,2,82.1708,0,none,C,Mr.
376,1,1,female,29.84760522,1,0,PC,17604,2,82.1708,0,none,C,Mrs.
65,0,1,male,29.84760522,0,0,PC,17605,1,27.7208,0,none,C,Mr.
312,1,1,female,18,2,2,PC,17608,2,262.375,57,B,C,Miss.
743,1,1,female,21,2,2,PC,17608,2,262.375,57,B,C,Miss.
494,0,1,male,71,0,0,PC,17609,1,49.5042,0,none,C,Mr.
195,1,1,female,44,0,0,PC,17610,1,27.7208,4,B,C,Mrs.
335,1,1,female,29.84760522,1,0,PC,17611,2,133.65,0,none,S,Mrs.
661,1,1,male,50,2,0,PC,17611,2,133.65,0,none,S,Dr.
296,0,1,male,29.84760522,0,0,PC,17612,1,27.7208,0,none,C,Mr.
97,0,1,male,71,0,0,PC,17754,1,34.6542,5,A,C,Mr.
259,1,1,female,35,0,0,PC,17755,3,512.3292,0,none,C,Miss.
680,1,1,male,36,0,1,PC,17755,3,512.3292,51,B,C,Mr.
738,1,1,male,35,0,0,PC,17755,3,512.3292,101,B,C,Mr.
836,1,1,female,39,1,1,PC,17756,1,83.1583,49,E,C,Miss.
381,1,1,female,42,0,0,PC,17757,4,227.525,0,none,C,Miss.
558,0,1,male,29.84760522,0,0,PC,17757,4,227.525,0,none,C,Mr.
701,1,1,female,18,1,0,PC,17757,4,227.525,62,C,C,Mrs.
717,1,1,female,38,0,0,PC,17757,4,227.525,45,C,C,Miss.
308,1,1,female,17,1,0,PC,17758,2,108.9,65,C,C,Mrs.
506,0,1,male,18,1,0,PC,17758,2,108.9,65,C,C,Mr.
98,1,1,male,23,0,1,PC,17759,1,63.3583,10,D,C,Mr.
270,1,1,female,35,0,0,PC,17760,3,135.6333,99,C,S,Miss.
326,1,1,female,36,0,0,PC,17760,3,135.6333,32,C,C,Miss.
374,0,1,male,22,0,0,PC,17760,3,135.6333,0,none,C,Mr.
538,1,1,female,30,0,0,PC,17761,2,106.425,0,none,C,Miss.
545,0,1,male,50,1,0,PC,17761,2,106.425,86,C,C,Mr.
175,0,1,male,56,0,0,none,17764,1,30.6958,7,A,C,Mr.
489,0,3,male,30,0,0,A/5,18509,1,8.05,0,none,S,Mr.
440,0,2,male,31,0,0,C.A.,18723,1,10.5,0,none,S,Mr.
291,1,1,female,26,0,0,none,19877,2,78.85,0,none,S,Miss.
742,0,1,male,36,1,0,none,19877,2,78.85,46,C,S,Mr.
246,0,1,male,44,2,0,none,19928,2,90,78,C,Q,Dr.
413,1,1,female,33,1,0,none,19928,2,90,78,C,Q,Miss.
225,1,1,male,38,1,0,none,19943,2,90,93,C,S,Mr.
487,1,1,female,35,1,0,none,19943,2,90,93,C,S,Mrs.
56,1,1,male,29.84760522,0,0,none,19947,1,35.5,52,C,S,Mr.
28,0,1,male,19,3,2,none,19950,4,263,23,C,S,Mr.
89,1,1,female,23,3,2,none,19950,4,263,23,C,S,Miss.
342,1,1,female,24,3,2,none,19950,4,263,23,C,S,Miss.
439,0,1,male,64,1,4,none,19950,4,263,23,C,S,Mr.
461,1,1,male,48,0,0,none,19952,1,26.55,12,E,S,Mr.
823,0,1,male,38,0,0,none,19972,1,0,0,none,S,Mr.
299,1,1,male,29.84760522,0,0,none,19988,1,30.5,106,C,S,Mr.
670,1,1,female,29.84760522,1,0,none,19996,2,52,126,C,S,Mrs.
713,1,1,male,48,1,0,none,19996,2,52,126,C,S,Mr.
575,0,3,male,16,0,0,A/4,20589,1,8.05,0,none,S,Mr.
1,0,3,male,22,1,0,A/5,21171,1,7.25,0,none,S,Mr.
321,0,3,male,22,0,0,A/5,21172,1,7.25,0,none,S,Mr.
228,0,3,male,20.5,0,0,A/5,21173,1,7.25,0,none,S,Mr.
213,0,3,male,22,0,0,A/5,21174,1,7.25,0,none,S,Mr.
223,0,3,male,51,0,0,none,21440,1,8.05,0,none,S,Mr.
46,0,3,male,29.84760522,0,0,S.C./A.4.,23567,1,8.05,0,none,S,Mr.
690,1,1,female,15,0,1,none,24160,3,211.3375,5,B,S,Miss.
731,1,1,female,29,0,0,none,24160,3,211.3375,5,B,S,Miss.
780,1,1,female,43,0,1,none,24160,3,211.3375,3,B,S,Mrs.
34,0,2,male,66,0,0,C.A.,24579,1,10.5,0,none,S,Mr.
673,0,2,male,70,0,0,C.A.,24580,1,10.5,0,none,S,Mr.
507,1,2,female,33,0,2,none,26360,2,26,0,none,S,Mrs.
531,1,2,female,2,1,1,none,26360,2,26,0,none,S,Miss.
237,0,2,male,44,1,0,none,26707,1,26,0,none,S,Mr.
631,1,1,male,80,0,0,none,27042,1,30,23,A,S,Mr.
124,1,2,female,32.5,0,0,none,27267,1,13,101,E,S,Miss.
388,1,2,female,36,0,0,none,27849,1,13,0,none,S,Miss.
862,0,2,male,21,1,0,none,28134,1,11.5,0,none,S,Mr.
813,0,2,male,35,0,0,none,28206,1,10.5,0,none,S,Mr.
796,0,2,male,39,0,0,none,28213,1,13,0,none,S,Mr.
417,1,2,female,34,1,1,none,28220,1,32.5,0,none,S,Mrs.
419,0,2,male,30,0,0,none,28228,1,13,0,none,S,Mr.
398,0,2,male,46,0,0,none,28403,2,26,0,none,S,Mr.
583,0,2,male,54,0,0,none,28403,2,26,0,none,S,Mr.
192,0,2,male,19,0,0,none,28424,1,13,0,none,S,Mr.
734,0,2,male,23,0,0,none,28425,1,13,0,none,S,Mr.
328,1,2,female,36,0,0,none,28551,1,13,0,D,S,Mrs.
406,0,2,male,34,1,0,none,28664,1,21,0,none,S,Mr.
239,0,2,male,19,0,0,none,28665,1,10.5,0,none,S,Mr.
318,0,2,male,54,0,0,none,29011,1,14,0,none,S,Dr.
595,0,2,male,37,1,0,SC/AH,29037,1,26,0,none,S,Mr.
751,1,2,female,4,1,1,none,29103,1,23,0,none,S,Miss.
530,0,2,male,23,2,1,none,29104,1,11.5,0,none,S,Mr.
775,1,2,female,54,1,3,none,29105,1,23,0,none,S,Mrs.
408,1,2,male,3,1,1,none,29106,3,18.75,0,none,S,Master.
438,1,2,female,24,2,3,none,29106,3,18.75,0,none,S,Mrs.
832,1,2,male,0.83,1,1,none,29106,3,18.75,0,none,S,Master.
758,0,2,male,18,0,0,none,29108,1,11.5,0,none,S,Mr.
135,0,2,male,25,0,0,C.A.,29178,1,13,0,none,S,Mr.
67,1,2,female,29,0,0,C.A.,29395,1,10.5,33,F,S,Mrs.
235,0,2,male,24,0,0,C.A.,29566,1,10.5,0,none,S,Mr.
671,1,2,female,40,1,1,none,29750,2,39,0,none,S,Mrs.
685,0,2,male,60,1,1,none,29750,2,39,0,none,S,Mr.
659,0,2,male,23,0,0,none,29751,1,13,0,none,S,Mr.
57,1,2,female,21,0,0,C.A.,31026,1,10.5,0,none,S,Miss.
477,0,2,male,34,1,0,none,31027,2,21,0,none,S,Mr.
727,1,2,female,30,3,0,none,31027,2,21,0,none,S,Mrs.
620,0,2,male,26,0,0,none,31028,1,10.5,0,none,S,Mr.
347,1,2,female,40,0,0,none,31418,1,13,0,none,S,Miss.
238,1,2,female,8,0,2,C.A.,31921,3,26.25,0,none,S,Miss.
638,0,2,male,31,1,1,C.A.,31921,3,26.25,0,none,S,Mr.
802,1,2,female,31,1,1,C.A.,31921,3,26.25,0,none,S,Mrs.
71,0,2,male,32,0,0,C.A.,33111,1,10.5,0,none,S,Mr.
146,0,2,male,19,1,1,C.A.,33112,2,36.75,0,none,S,Mr.
550,1,2,male,8,1,1,C.A.,33112,2,36.75,0,none,S,Master.
162,1,2,female,40,0,0,C.A.,33595,1,15.75,0,none,S,Mrs.
446,1,1,male,4,0,2,none,33638,1,81.8583,34,A,S,Master.
884,0,2,male,28,0,0,C.A./SOTON,34068,1,10.5,0,none,S,Mr.
718,1,2,female,27,0,0,none,34218,1,10.5,101,E,S,Miss.
426,0,3,male,29.84760522,0,0,A/4,34244,1,7.25,0,none,S,Mr.
517,1,2,female,34,0,0,C.A.,34260,1,10.5,33,F,S,Mrs.
59,1,2,female,5,1,2,C.A.,34651,3,27.75,0,none,S,Miss.
451,0,2,male,36,1,2,C.A.,34651,3,27.75,0,none,S,Mr.
473,1,2,female,33,1,2,C.A.,34651,3,27.75,0,none,S,Mrs.
216,1,1,female,31,1,0,none,35273,1,113.275,36,D,C,Miss.
394,1,1,female,23,1,0,none,35273,2,113.275,36,D,C,Miss.
660,0,1,male,58,0,2,none,35273,2,113.275,48,D,C,Mr.
103,0,1,male,21,0,1,none,35281,2,77.2875,26,D,S,Mr.
125,0,1,male,54,0,1,none,35281,2,77.2875,26,D,S,Mr.
157,1,3,female,16,0,0,none,35851,1,7.7333,0,none,Q,Miss.
698,1,3,female,29.84760522,0,0,none,35852,1,7.7333,0,none,Q,Miss.
469,0,3,male,29.84760522,0,0,none,36209,1,7.725,0,none,Q,Mr.
719,0,3,male,29.84760522,0,0,none,36568,1,15.5,0,none,Q,Mr.
704,0,3,male,25,0,0,none,36864,1,7.7417,0,none,Q,Mr.
779,0,3,male,29.84760522,0,0,none,36865,1,7.7375,0,none,Q,Mr.
728,1,3,female,29.84760522,0,0,none,36866,1,7.7375,0,none,Q,Miss.
319,1,1,female,31,0,2,none,36928,2,164.8667,7,C,S,Miss.
857,1,1,female,45,1,1,none,36928,2,164.8667,0,none,S,Mrs.
497,1,1,female,54,1,0,none,36947,2,78.2667,20,D,C,Miss.
592,1,1,female,52,1,0,none,36947,2,78.2667,20,D,C,Mrs.
626,0,1,male,61,0,0,none,36963,1,32.3208,50,D,S,Mr.
516,0,1,male,47,0,0,none,36967,1,34.0208,46,D,S,Mr.
63,0,1,male,45,1,0,none,36973,2,83.475,83,C,S,Mr.
231,1,1,female,35,1,0,none,36973,2,83.475,83,C,S,Mrs.
349,1,3,male,3,1,1,C.A.,37671,2,15.9,0,none,S,Master.
490,1,3,male,9,1,1,C.A.,37671,2,15.9,0,none,S,Master.
52,0,3,male,21,0,0,A/4,39886,1,7.8,0,none,S,Mr.
495,0,3,male,21,0,0,A/4,45380,1,8.05,0,none,S,Mr.
566,0,3,male,24,2,0,A/4,48871,2,24.15,0,none,S,Mr.
812,0,3,male,39,0,0,A/4,48871,2,24.15,0,none,S,Mr.
122,0,3,male,29.84760522,0,0,A4.,54510,1,8.05,0,none,S,Mr.
625,0,3,male,21,0,0,none,54636,2,16.1,0,none,S,Mr.
736,0,3,male,28.5,0,0,none,54636,2,16.1,0,none,S,Mr.
452,0,3,male,29.84760522,1,0,none,65303,1,19.9667,0,none,S,Mr.
491,0,3,male,29.84760522,1,0,none,65304,1,19.9667,0,none,S,Mr.
445,1,3,male,29.84760522,0,0,none,65306,1,8.1125,0,none,S,Mr.
258,1,1,female,30,0,0,none,110152,3,86.5,77,B,S,Miss.
505,1,1,female,16,0,0,none,110152,3,86.5,79,B,S,Miss.
760,1,1,female,33,0,0,none,110152,3,86.5,77,B,S,the
263,0,1,male,52,1,1,none,110413,3,79.65,67,E,S,Mr.
559,1,1,female,39,1,1,none,110413,3,79.65,67,E,S,Mrs.
586,1,1,female,18,0,2,none,110413,3,79.65,68,E,S,Miss.
111,0,1,male,47,0,0,none,110465,2,52,110,C,S,Mr.
476,0,1,male,29.84760522,0,0,none,110465,2,52,14,A,S,Mr.
431,1,1,male,28,0,0,none,110564,1,26.55,52,C,S,Mr.
367,1,1,female,60,1,0,none,110813,1,75.25,37,D,C,Mrs.
171,0,1,male,61,0,0,none,111240,1,33.5,19,B,S,Mr.
463,0,1,male,47,0,0,none,111320,1,38.5,63,E,S,Mr.
330,1,1,female,16,0,1,none,111361,2,57.9792,18,B,C,Miss.
524,1,1,female,44,0,1,none,111361,2,57.9792,18,B,C,Mrs.
890,1,1,male,26,0,0,none,111369,1,30,148,C,C,Mr.
605,1,1,male,35,0,0,none,111426,1,26.55,0,none,C,Mr.
508,1,1,male,29.84760522,0,0,none,111427,1,26.55,0,none,S,Mr.
188,1,1,male,45,0,0,none,111428,1,26.55,0,none,S,Mr.
807,0,1,male,39,0,0,none,112050,1,0,36,A,S,Mr.
634,0,1,male,29.84760522,0,0,none,112052,1,0,0,none,S,Mr.
888,1,1,female,19,0,0,none,112053,1,30,42,B,S,Miss.
816,0,1,male,29.84760522,0,0,none,112058,1,0,102,B,S,Mr.
264,0,1,male,40,0,0,none,112059,1,0,94,B,S,Mr.
210,1,1,male,40,0,0,none,112277,1,31,31,A,C,Mr.
767,0,1,male,29.84760522,0,0,none,112379,1,39.6,0,none,C,Dr.
712,0,1,male,29.84760522,0,0,none,113028,1,26.55,124,C,S,Mr.
332,0,1,male,45.5,0,0,none,113043,1,28.5,124,C,S,Mr.
537,0,1,male,45,0,0,none,113050,1,26.55,38,B,S,Major.
453,0,1,male,30,0,0,none,113051,1,27.75,111,C,C,Mr.
858,1,1,male,51,0,0,none,113055,1,26.55,17,E,S,Mr.
285,0,1,male,29.84760522,0,0,none,113056,1,26,19,A,S,Mr.
84,0,1,male,28,0,0,none,113059,1,47.1,0,none,S,Mr.
783,0,1,male,29,0,0,none,113501,1,30,6,D,S,Mr.
378,0,1,male,27,0,2,none,113503,1,211.5,82,C,C,Mr.
167,1,1,female,29.84760522,0,1,none,113505,2,55,33,E,S,Mrs.
357,1,1,female,22,0,1,none,113505,2,55,33,E,S,Miss.
55,0,1,male,65,0,1,none,113509,1,61.9792,30,B,C,Mr.
352,0,1,male,29.84760522,0,0,none,113510,1,35,128,C,S,Mr.
253,0,1,male,62,0,0,none,113514,1,26.55,87,C,S,Mr.
62,1,1,female,38,0,0,none,113572,2,80,28,B,,Miss.
830,1,1,female,62,0,0,none,113572,2,80,28,B,,Mrs.
391,1,1,male,36,1,2,none,113760,4,120,96,B,S,Mr.
436,1,1,female,14,1,2,none,113760,4,120,96,B,S,Miss.
764,1,1,female,36,1,2,none,113760,4,120,96,B,S,Mrs.
803,1,1,male,11,1,2,none,113760,4,120,96,B,S,Master.
186,0,1,male,29.84760522,0,0,none,113767,1,50,32,A,S,Mr.
749,0,1,male,19,1,0,none,113773,1,53.1,30,D,S,Mr.
152,1,1,female,22,1,0,none,113776,2,66.6,2,C,S,Mrs.
337,0,1,male,29,1,0,none,113776,2,66.6,2,C,S,Mr.
298,0,1,female,2,1,2,none,113781,4,151.55,22,C,S,Miss.
306,1,1,male,0.92,1,2,none,113781,4,151.55,22,C,S,Master.
499,0,1,female,25,1,2,none,113781,4,151.55,22,C,S,Mrs.
709,1,1,female,22,0,0,none,113781,4,151.55,0,none,S,Miss.
12,1,1,female,58,0,0,none,113783,1,26.55,103,C,S,Miss.
340,0,1,male,45,0,0,none,113784,1,35.5,0,T,S,Mr.
450,1,1,male,52,0,0,none,113786,1,30.5,104,C,S,Major.
493,0,1,male,55,0,0,none,113787,1,30.5,30,C,S,Mr.
24,1,1,male,28,0,0,none,113788,1,35.5,6,A,S,Mr.
36,0,1,male,42,1,0,none,113789,2,52,0,none,S,Mr.
384,1,1,female,35,1,0,none,113789,2,52,0,none,S,Mrs.
468,0,1,male,56,0,0,none,113792,1,26.55,0,none,S,Mr.
448,1,1,male,34,0,0,none,113794,1,26.55,0,none,S,Mr.
603,0,1,male,29.84760522,0,0,none,113796,1,42.4,0,none,S,Mr.
271,0,1,male,29.84760522,0,0,none,113798,2,31,0,none,S,Mr.
843,1,1,female,30,0,0,none,113798,2,31,0,none,C,Miss.
695,0,1,male,60,0,0,none,113800,1,26.55,0,none,S,Col.
4,1,1,female,35,1,0,none,113803,2,53.1,123,C,S,Mrs.
138,0,1,male,37,1,0,none,113803,2,53.1,123,C,S,Mr.
608,1,1,male,27,0,0,none,113804,1,30.5,0,none,S,Mr.
725,1,1,male,27,1,0,none,113806,2,53.1,8,E,S,Mr.
810,1,1,female,33,1,0,none,113806,2,53.1,8,E,S,Mrs.
556,0,1,male,62,0,0,none,113807,1,26.55,0,none,S,Mr.
887,0,2,male,27,0,0,none,211536,1,13,0,none,S,Rev.
563,0,2,male,28,0,0,none,218629,1,13.5,0,none,S,Mr.
627,0,2,male,57,0,0,none,219533,1,12.35,0,none,Q,Rev.
222,0,2,male,27,0,0,none,220367,1,13,0,none,S,Mr.
616,1,2,female,24,1,2,none,220845,2,65,0,none,S,Miss.
755,1,2,female,48,1,2,none,220845,2,65,0,none,S,Mrs.
707,1,2,female,45,0,0,none,223596,1,13.5,0,none,S,Mrs.
304,1,2,female,29.84760522,0,0,none,226593,1,12.35,101,E,Q,Miss.
519,1,2,female,36,1,0,none,226875,1,26,0,none,S,Mrs.
134,1,2,female,29,1,0,none,228414,1,26,0,none,S,Mrs.
345,0,2,male,36,0,0,none,229236,1,13,0,none,S,Mr.
149,0,2,male,36.5,0,2,none,230080,3,26,2,F,S,Mr.
194,1,2,male,3,1,1,none,230080,3,26,2,F,S,Master.
341,1,2,male,2,1,1,none,230080,3,26,2,F,S,Master.
184,1,2,male,1,2,1,none,230136,2,39,4,F,S,Master.
619,1,2,female,4,2,1,none,230136,2,39,4,F,S,Miss.
260,1,2,female,50,0,1,none,230433,2,26,0,none,S,Mrs.
881,1,2,female,25,0,1,none,230433,2,26,0,none,S,Mrs.
444,1,2,female,28,0,0,none,230434,1,13,0,none,S,Ms.
99,1,2,female,34,0,1,none,231919,2,23,0,none,S,Mrs.
652,1,2,female,18,0,1,none,231919,2,23,0,none,S,Miss.
145,0,2,male,18,0,0,none,231945,1,11.5,0,none,S,Mr.
735,0,2,male,23,0,0,none,233639,1,13,0,none,S,Mr.
865,0,2,male,24,0,0,none,233866,1,13,0,none,S,Mr.
464,0,2,male,48,0,0,none,234360,1,13,0,none,S,Mr.
191,1,2,female,32,0,0,none,234604,1,13,0,none,S,Mrs.
667,0,2,male,25,0,0,none,234686,1,13,0,none,S,Mr.
323,1,2,female,30,0,0,none,234818,1,12.35,0,none,Q,Miss.
229,0,2,male,18,0,0,none,236171,1,13,0,none,S,Mr.
866,1,2,female,42,0,0,none,236852,1,13,0,none,S,Mrs.
729,0,2,male,25,1,0,none,236853,1,26,0,none,S,Mr.
233,0,2,male,59,0,0,none,237442,1,13.5,0,none,S,Mr.
587,0,2,male,47,0,0,none,237565,1,15,0,none,S,Mr.
636,1,2,female,28,0,0,none,237668,1,13,0,none,S,Miss.
358,0,2,female,38,0,0,none,237671,1,13,0,none,S,Miss.
10,1,2,female,14,1,0,none,237736,2,30.0708,0,none,C,Mrs.
123,0,2,male,32.5,1,0,none,237736,2,30.0708,0,none,C,Mr.
581,1,2,female,25,1,1,none,237789,1,30,0,none,S,Miss.
289,1,2,male,42,0,0,none,237798,1,13,0,none,S,Mr.
278,0,2,male,29.84760522,0,0,none,239853,3,0,0,none,S,Mr.
414,0,2,male,29.84760522,0,0,none,239853,3,0,0,none,S,Mr.
467,0,2,male,29.84760522,0,0,none,239853,3,0,0,none,S,Mr.
482,0,2,male,29.84760522,0,0,none,239854,1,0,0,none,S,Mr.
733,0,2,male,29.84760522,0,0,none,239855,1,0,0,none,S,Mr.
675,0,2,male,29.84760522,0,0,none,239856,1,0,0,none,S,Mr.
21,0,2,male,35,0,0,none,239865,2,26,0,none,S,Mr.
792,0,2,male,16,0,0,none,239865,2,26,0,none,S,Mr.
400,1,2,female,28,0,0,none,240929,1,12.65,0,none,S,Mrs.
218,0,2,male,42,1,0,none,243847,2,27,0,none,S,Mr.
601,1,2,female,24,2,1,none,243847,2,27,0,none,S,Mrs.
577,1,2,female,34,0,0,none,243880,1,13,0,none,S,Miss.
250,0,2,male,54,1,0,none,244252,2,26,0,none,S,Rev.
855,0,2,female,44,1,0,none,244252,2,26,0,none,S,Mrs.
674,1,2,male,31,0,0,none,244270,1,13,0,none,S,Mr.
399,0,2,male,23,0,0,none,244278,1,10.5,0,none,S,Dr.
150,0,2,male,42,0,0,none,244310,1,13,0,none,S,Rev.
552,0,2,male,27,0,0,none,244358,1,26,0,none,S,Mr.
344,0,2,male,25,0,0,none,244361,1,13,0,none,S,Mr.
100,0,2,male,34,1,0,none,244367,2,26,0,none,S,Mr.
317,1,2,female,24,1,0,none,244367,2,26,0,none,S,Mrs.
18,1,2,male,29.84760522,0,0,none,244373,1,13,0,none,S,Mr.
22,1,2,male,34,0,0,none,248698,1,13,56,D,S,Mr.
16,1,2,female,55,0,0,none,248706,1,16,0,none,S,Mrs.
809,0,2,male,39,0,0,none,248723,1,13,0,none,S,Mr.
597,1,2,female,29.84760522,0,0,none,248727,3,33,0,none,S,Miss.
721,1,2,female,6,0,1,none,248727,3,33,0,none,S,Miss.
849,0,2,male,28,0,1,none,248727,3,33,0,none,S,Rev.
696,0,2,male,52,0,0,none,248731,1,13.5,0,none,S,Mr.
346,1,2,female,24,0,0,none,248733,1,13,33,F,S,Miss.
79,1,2,male,0.83,0,2,none,248738,2,29,0,none,S,Master.
324,1,2,female,22,1,1,none,248738,2,29,0,none,S,Mrs.
343,0,2,male,28,0,0,none,248740,1,13,0,none,S,Mr.
200,0,2,female,24,0,0,none,248747,1,13,0,none,S,Miss.
724,0,2,male,50,0,0,none,250643,1,13,0,none,S,Mr.
273,1,2,female,41,0,1,none,250644,2,19.5,0,none,S,Mrs.
447,1,2,female,13,0,1,none,250644,2,19.5,0,none,S,Miss.
214,0,2,male,30,0,0,none,250646,1,13,0,none,S,Mr.
715,0,2,male,52,0,0,none,250647,1,13,0,none,S,Mr.
801,0,2,male,34,0,0,none,250647,1,13,0,none,S,Mr.
748,1,2,female,30,0,0,none,250648,1,13,0,none,S,Miss.
248,1,2,female,24,0,2,none,250649,2,14.5,0,none,S,Mrs.
756,1,2,male,0.67,1,1,none,250649,2,14.5,0,none,S,Master.
313,0,2,female,26,1,1,none,250651,1,26,0,none,S,Mrs.
418,1,2,female,18,0,2,none,250652,1,13,0,none,S,Miss.
179,0,2,male,30,0,0,none,250653,1,13,0,none,S,Mr.
428,1,2,female,19,0,0,none,250655,2,26,0,none,S,Miss.
706,0,2,male,39,0,0,none,250655,2,26,0,none,S,Mr.
155,0,3,male,29.84760522,0,0,Fa,265302,1,7.3125,0,none,S,Mr.
108,1,3,male,29.84760522,0,0,none,312991,1,7.775,0,none,S,Mr.
409,0,3,male,21,0,0,none,312992,1,7.775,0,none,S,Mr.
668,0,3,male,29.84760522,0,0,none,312993,1,7.775,0,none,S,Mr.
159,0,3,male,29.84760522,0,0,none,315037,1,8.6625,0,none,S,Mr.
423,0,3,male,29,0,0,none,315082,1,7.875,0,none,S,Mr.
535,0,3,female,30,0,0,none,315084,1,8.6625,0,none,S,Miss.
501,0,3,male,17,0,0,none,315086,1,8.6625,0,none,S,Mr.
350,0,3,male,42,0,0,none,315088,1,8.6625,0,none,S,Mr.
472,0,3,male,38,0,0,none,315089,1,8.6625,0,none,S,Mr.
845,0,3,male,17,0,0,none,315090,1,8.6625,0,none,S,Mr.
164,0,3,male,17,0,0,none,315093,1,8.6625,0,none,S,Mr.
726,0,3,male,20,0,0,none,315094,1,8.6625,0,none,S,Mr.
405,0,3,female,20,0,0,none,315096,1,8.6625,0,none,S,Miss.
837,0,3,male,21,0,0,none,315097,1,8.6625,0,none,S,Mr.
822,1,3,male,27,0,0,none,315098,1,8.6625,0,none,S,Mr.
70,0,3,male,26,2,0,none,315151,1,8.6625,0,none,S,Mr.
185,1,3,female,4,0,2,none,315153,1,22.025,0,none,S,Miss.
471,0,3,male,29.84760522,0,0,none,323592,1,7.25,0,none,S,Mr.
373,0,3,male,19,0,0,none,323951,1,8.05,0,none,S,Mr.
113,0,3,male,22,0,0,none,324669,1,8.05,0,none,S,Mr.
6,0,3,male,29.84760522,0,0,none,330877,1,8.4583,0,none,Q,Mr.
503,0,3,female,29.84760522,0,0,none,330909,1,7.6292,0,none,Q,Miss.
654,1,3,female,29.84760522,0,0,none,330919,1,7.8292,0,none,Q,Miss.
23,1,3,female,15,0,0,none,330923,1,8.0292,0,none,Q,Miss.
359,1,3,female,29.84760522,0,0,none,330931,1,7.8792,0,none,Q,Miss.
83,1,3,female,29.84760522,0,0,none,330932,1,7.7875,0,none,Q,Miss.
681,0,3,female,29.84760522,0,0,none,330935,1,8.1375,0,none,Q,Miss.
45,1,3,female,19,0,0,none,330958,1,7.8792,0,none,Q,Miss.
29,1,3,female,29.84760522,0,0,none,330959,1,7.8792,0,none,Q,Miss.
553,0,3,male,29.84760522,0,0,none,330979,1,7.8292,0,none,Q,Mr.
360,1,3,female,29.84760522,0,0,none,330980,1,7.8792,0,none,Q,Miss.
630,0,3,male,29.84760522,0,0,none,334912,1,7.7333,0,none,Q,Mr.
750,0,3,male,31,0,0,none,335097,1,7.75,0,none,Q,Mr.
33,1,3,female,29.84760522,0,0,none,335677,1,7.75,0,none,Q,Miss.
281,0,3,male,65,0,0,none,336439,1,7.75,0,none,Q,Mr.
402,0,3,male,26,0,0,none,341826,2,8.05,0,none,S,Mr.
677,0,3,male,24.5,0,0,none,342826,2,8.05,0,none,S,Mr.
416,0,3,female,29.84760522,0,0,none,343095,1,8.05,0,none,S,Mrs.
107,1,3,female,21,0,0,none,343120,1,7.65,0,none,S,Miss.
90,0,3,male,24,0,0,none,343275,1,8.05,0,none,S,Mr.
91,0,3,male,29,0,0,none,343276,1,8.05,0,none,S,Mr.
327,0,3,male,61,0,0,none,345364,1,6.2375,0,none,S,Mr.
560,1,3,female,36,1,0,none,345572,1,17.4,0,none,S,Mrs.
19,0,3,female,31,1,0,none,345763,1,18,0,none,S,Mrs.
39,0,3,female,18,2,0,none,345764,2,18,0,none,S,Miss.
334,0,3,male,16,2,0,none,345764,2,18,0,none,S,Mr.
874,0,3,male,47,0,0,none,345765,1,9,0,none,S,Mr.
81,0,3,male,22,0,0,none,345767,1,9,0,none,S,Mr.
442,0,3,male,20,0,0,none,345769,1,9.5,0,none,S,Mr.
201,0,3,male,28,0,0,none,345770,1,9.5,0,none,S,Mr.
420,0,3,female,10,0,2,none,345773,4,24.15,0,none,S,Miss.
596,0,3,male,36,1,1,none,345773,4,24.15,0,none,S,Mr.
800,0,3,female,30,1,1,none,345773,4,24.15,0,none,S,Mrs.
287,1,3,male,30,0,0,none,345774,1,9.5,0,none,S,Mr.
869,0,3,male,29.84760522,0,0,none,345777,1,9.5,0,none,S,Mr.
283,0,3,male,16,0,0,none,345778,1,9.5,0,none,S,Mr.
82,1,3,male,29,0,0,none,345779,1,9.5,0,none,S,Mr.
753,0,3,male,33,0,0,none,345780,1,9.5,0,none,S,Mr.
771,0,3,male,24,0,0,none,345781,1,9.5,0,none,S,Mr.
356,0,3,male,28,0,0,none,345783,1,9.5,0,none,S,Mr.
206,0,3,female,2,0,1,none,347054,2,10.4625,6,G,S,Miss.
252,0,3,female,29,1,1,none,347054,2,10.4625,6,G,S,Mrs.
852,0,3,male,74,0,0,none,347060,1,7.775,0,none,S,Mr.
130,0,3,male,45,0,0,none,347061,1,6.975,0,none,S,Mr.
720,0,3,male,33,0,0,none,347062,1,7.775,0,none,S,Mr.
806,0,3,male,31,0,0,none,347063,1,7.775,0,none,S,Mr.
407,0,3,male,51,0,0,none,347064,1,7.75,0,none,S,Mr.
232,0,3,male,29,0,0,none,347067,1,7.775,0,none,S,Mr.
163,0,3,male,26,0,0,none,347068,1,7.775,0,none,S,Mr.
380,0,3,male,19,0,0,none,347069,1,7.775,0,none,S,Mr.
247,0,3,female,25,0,0,none,347071,1,7.775,0,none,S,Miss.
277,0,3,female,45,0,0,none,347073,1,7.75,0,none,S,Miss.
765,0,3,male,16,0,0,none,347074,1,7.775,0,none,S,Mr.
443,0,3,male,25,1,0,none,347076,1,7.775,0,none,S,Mr.
26,1,3,female,38,1,5,none,347077,4,31.3875,0,none,S,Mrs.
183,0,3,male,9,4,2,none,347077,4,31.3875,0,none,S,Master.
234,1,3,female,5,4,2,none,347077,4,31.3875,0,none,S,Miss.
262,1,3,male,3,4,2,none,347077,4,31.3875,0,none,S,Master.
776,0,3,male,18,0,0,none,347078,1,7.75,0,none,S,Mr.
424,0,3,female,28,1,1,none,347080,2,14.4,0,none,S,Mrs.
617,0,3,male,34,1,1,none,347080,2,14.4,0,none,S,Mr.
142,1,3,female,22,0,0,none,347081,1,7.75,0,none,S,Miss.
14,0,3,male,39,1,5,none,347082,7,31.275,0,none,S,Mr.
120,0,3,female,2,4,2,none,347082,7,31.275,0,none,S,Miss.
542,0,3,female,9,4,2,none,347082,7,31.275,0,none,S,Miss.
543,0,3,female,11,4,2,none,347082,7,31.275,0,none,S,Miss.
611,0,3,female,39,1,5,none,347082,7,31.275,0,none,S,Mrs.
814,0,3,female,6,4,2,none,347082,7,31.275,0,none,S,Miss.
851,0,3,male,4,4,2,none,347082,7,31.275,0,none,S,Master.
268,1,3,male,25,1,0,none,347083,1,7.775,0,none,S,Mr.
555,1,3,female,22,0,0,none,347085,1,7.775,0,none,S,Miss.
808,0,3,female,18,0,0,none,347087,1,7.775,0,none,S,Miss.
64,0,3,male,4,3,2,none,347088,6,27.9,0,none,S,Master.
168,0,3,female,45,1,4,none,347088,6,27.9,0,none,S,Mrs.
361,0,3,male,40,1,4,none,347088,6,27.9,0,none,S,Mr.
635,0,3,female,9,3,2,none,347088,6,27.9,0,none,S,Miss.
643,0,3,female,2,3,2,none,347088,6,27.9,0,none,S,Miss.
820,0,3,male,10,3,2,none,347088,6,27.9,0,none,S,Master.
805,1,3,male,27,0,0,none,347089,1,6.975,0,none,S,Mr.
282,0,3,male,28,0,0,none,347464,1,7.8542,0,none,S,Mr.
92,0,3,male,20,0,0,none,347466,1,7.8542,0,none,S,Mr.
834,0,3,male,23,0,0,none,347468,1,7.8542,0,none,S,Mr.
316,1,3,female,26,0,0,none,347470,1,7.8542,0,none,S,Miss.
9,1,3,female,27,0,2,none,347742,3,11.1333,0,none,S,Mrs.
173,1,3,female,1,1,1,none,347742,3,11.1333,0,none,S,Miss.
870,1,3,male,4,1,1,none,347742,3,11.1333,0,none,S,Master.
632,0,3,male,51,0,0,none,347743,1,7.0542,0,none,S,Mr.
700,0,3,male,42,0,0,none,348121,1,7.65,0,F,S,Mr.
76,0,3,male,25,0,0,none,348123,1,7.65,73,F,S,Mr.
716,0,3,male,19,0,0,none,348124,1,7.65,73,F,S,Mr.
739,0,3,male,29.84760522,0,0,none,349201,1,7.8958,0,none,S,Mr.
795,0,3,male,25,0,0,none,349203,1,7.8958,0,none,S,Mr.
754,0,3,male,23,0,0,none,349204,1,7.8958,0,none,S,Mr.
567,0,3,male,19,0,0,none,349205,1,7.8958,0,none,S,Mr.
288,0,3,male,22,0,0,none,349206,1,7.8958,0,none,S,Mr.
106,0,3,male,28,0,0,none,349207,1,7.8958,0,none,S,Mr.
77,0,3,male,29.84760522,0,0,none,349208,1,7.8958,0,none,S,Mr.
515,0,3,male,24,0,0,none,349209,1,7.4958,0,none,S,Mr.
664,0,3,male,36,0,0,none,349210,1,7.4958,0,none,S,Mr.
878,0,3,male,19,0,0,none,349212,1,7.8958,0,none,S,Mr.
848,0,3,male,35,0,0,none,349213,1,7.8958,0,none,C,Mr.
602,0,3,male,29.84760522,0,0,none,349214,1,7.8958,0,none,S,Mr.
102,0,3,male,29.84760522,0,0,none,349215,1,7.8958,0,none,S,Mr.
30,0,3,male,29.84760522,0,0,none,349216,1,7.8958,0,none,S,Mr.
879,0,3,male,29.84760522,0,0,none,349217,1,7.8958,0,none,S,Mr.
740,0,3,male,29.84760522,0,0,none,349218,1,7.8958,0,none,S,Mr.
322,0,3,male,27,0,0,none,349219,1,7.8958,0,none,S,Mr.
651,0,3,male,29.84760522,0,0,none,349221,1,7.8958,0,none,S,Mr.
411,0,3,male,29.84760522,0,0,none,349222,1,7.8958,0,none,S,Mr.
657,0,3,male,29.84760522,0,0,none,349223,1,7.8958,0,none,S,Mr.
629,0,3,male,26,0,0,none,349224,1,7.8958,0,none,S,Mr.
336,0,3,male,29.84760522,0,0,none,349225,1,7.8958,0,none,S,Mr.
385,0,3,male,29.84760522,0,0,none,349227,1,7.8958,0,none,S,Mr.
688,0,3,male,19,0,0,none,349228,1,10.1708,0,none,S,Mr.
647,0,3,male,19,0,0,none,349231,1,7.8958,0,none,S,Mr.
295,0,3,male,24,0,0,none,349233,1,7.8958,0,none,S,Mr.
224,0,3,male,29.84760522,0,0,none,349234,1,7.8958,0,none,S,Mr.
294,0,3,female,24,0,0,none,349236,1,8.85,0,none,S,Miss.
50,0,3,female,18,1,0,none,349237,2,17.8,0,none,S,Mrs.
354,0,3,male,25,1,0,none,349237,2,17.8,0,none,S,Mr.
286,0,3,male,33,0,0,none,349239,1,8.6625,0,none,C,Mr.
456,1,3,male,29,0,0,none,349240,1,7.8958,0,none,C,Mr.
131,0,3,male,33,0,0,none,349241,1,7.8958,0,none,C,Mr.
520,0,3,male,32,0,0,none,349242,1,7.8958,0,none,S,Mr.
314,0,3,male,28,0,0,none,349243,1,7.8958,0,none,S,Mr.
798,1,3,female,31,0,0,none,349244,1,8.6833,0,none,S,Mrs.
101,0,3,female,28,0,0,none,349245,1,7.8958,0,none,S,Miss.
607,0,3,male,30,0,0,none,349246,1,7.8958,0,none,S,Mr.
190,0,3,male,36,0,0,none,349247,1,7.8958,0,none,S,Mr.
871,0,3,male,26,0,0,none,349248,1,7.8958,0,none,S,Mr.
109,0,3,male,38,0,0,none,349249,1,7.8958,0,none,S,Mr.
562,0,3,male,40,0,0,none,349251,1,7.8958,0,none,S,Mr.
522,0,3,male,22,0,0,none,349252,1,7.8958,0,none,S,Mr.
43,0,3,male,29.84760522,0,0,none,349253,1,7.8958,0,none,C,Mr.
421,0,3,male,29.84760522,0,0,none,349254,1,7.8958,0,none,C,Mr.
692,1,3,female,4,0,1,none,349256,1,13.4167,0,none,C,Miss.
882,0,3,male,33,0,0,none,349257,1,7.8958,0,none,S,Mr.
8,0,3,male,2,3,1,none,349909,4,21.075,0,none,S,Master.
25,0,3,female,8,3,1,none,349909,4,21.075,0,none,S,Miss.
375,0,3,female,3,3,1,none,349909,4,21.075,0,none,S,Miss.
568,0,3,female,29,0,4,none,349909,4,21.075,0,none,S,Mrs.
606,0,3,male,36,1,0,none,349910,1,15.55,0,none,S,Mr.
676,0,3,male,18,0,0,none,349912,1,7.775,0,none,S,Mr.
705,0,3,male,26,1,0,none,350025,1,7.8542,0,none,S,Mr.
861,0,3,male,41,2,0,none,350026,1,14.1083,0,none,S,Mr.
624,0,3,male,21,0,0,none,350029,1,7.8542,0,none,S,Mr.
392,1,3,male,21,0,0,none,350034,1,7.7958,0,none,S,Mr.
500,0,3,male,24,0,0,none,350035,1,7.7958,0,none,S,Mr.
689,0,3,male,18,0,0,none,350036,1,7.7958,0,none,S,Mr.
757,0,3,male,28,0,0,none,350042,1,7.7958,0,none,S,Mr.
147,1,3,male,27,0,0,none,350043,1,7.7958,0,none,S,Mr.
193,1,3,female,19,1,0,none,350046,1,7.8542,0,none,S,Miss.
772,0,3,male,48,0,0,none,350047,1,7.8542,0,none,S,Mr.
722,0,3,male,17,1,0,none,350048,1,7.0542,0,none,S,Mr.
641,0,3,male,20,0,0,none,350050,1,7.8542,0,none,S,Mr.
396,0,3,male,22,0,0,none,350052,1,7.7958,0,none,S,Mr.
479,0,3,male,22,0,0,none,350060,1,7.5208,0,none,S,Mr.
176,0,3,male,18,1,1,none,350404,1,7.8542,0,none,S,Mr.
15,0,3,female,14,0,0,none,350406,1,7.8542,0,none,S,Miss.
397,0,3,female,31,0,0,none,350407,1,7.8542,0,none,S,Miss.
570,1,3,male,32,0,0,none,350417,1,7.8542,0,none,S,Mr.
576,0,3,male,19,0,0,none,358585,2,14.5,0,none,S,Mr.
761,0,3,male,29.84760522,0,0,none,358585,2,14.5,0,none,S,Mr.
251,0,3,male,29.84760522,0,0,none,362316,1,7.25,0,none,S,Mr.
166,1,3,male,9,0,2,none,363291,3,20.525,0,none,S,Master.
329,1,3,female,31,1,1,none,363291,3,20.525,0,none,S,Mrs.
549,0,3,male,33,1,1,none,363291,3,20.525,0,none,S,Mr.
759,0,3,male,34,0,0,none,363294,1,8.05,0,none,S,Mr.
697,0,3,male,44,0,0,none,363592,1,8.05,0,none,S,Mr.
539,0,3,male,29.84760522,0,0,none,364498,1,14.5,0,none,S,Mr.
815,0,3,male,30.5,0,0,none,364499,1,8.05,0,none,S,Mr.
95,0,3,male,59,0,0,none,364500,1,7.25,0,none,S,Mr.
462,0,3,male,34,0,0,none,364506,1,8.05,0,none,S,Mr.
604,0,3,male,44,0,0,none,364511,1,8.05,0,none,S,Mr.
615,0,3,male,35,0,0,none,364512,1,8.05,0,none,S,Mr.
80,1,3,female,30,0,0,none,364516,2,12.475,0,none,S,Miss.
778,1,3,female,5,0,0,none,364516,2,12.475,0,none,S,Miss.
502,0,3,female,21,0,0,none,364846,1,7.75,0,none,Q,Miss.
594,0,3,female,29.84760522,0,2,none,364848,1,7.75,0,none,Q,Miss.
189,0,3,male,40,1,1,none,364849,2,15.5,0,none,Q,Mr.
658,0,3,female,32,1,1,none,364849,2,15.5,0,none,Q,Mrs.
768,0,3,female,30.5,0,0,none,364850,1,7.75,0,none,Q,Miss.
429,0,3,male,29.84760522,0,0,none,364851,1,7.75,0,none,Q,Mr.
144,0,3,male,19,0,0,none,365222,1,6.75,0,none,Q,Mr.
655,0,3,female,18,0,0,none,365226,3,6.75,0,none,Q,Miss.
302,1,3,male,29.84760522,2,0,none,367226,3,23.25,0,none,Q,Mr.
331,1,3,female,29.84760522,2,0,none,367226,3,23.25,0,none,Q,Miss.
829,1,3,male,29.84760522,0,0,none,367228,1,7.75,0,none,Q,Mr.
215,0,3,male,29.84760522,1,0,none,367229,1,7.75,0,none,Q,Mr.
242,1,3,female,29.84760522,1,0,none,367230,2,15.5,0,none,Q,Miss.
613,1,3,female,29.84760522,1,0,none,367230,2,15.5,0,none,Q,Miss.
209,1,3,female,16,0,0,none,367231,1,7.75,0,none,Q,Miss.
526,0,3,male,40.5,0,0,none,367232,1,7.75,0,none,Q,Mr.
389,0,3,male,29.84760522,0,0,none,367655,1,7.7292,0,none,Q,Mr.
826,0,3,male,29.84760522,0,0,none,368323,1,6.95,0,none,Q,Mr.
197,0,3,male,29.84760522,0,0,none,368703,1,7.75,0,none,Q,Mr.
255,0,3,female,41,0,2,none,370129,2,20.2125,0,none,S,Mrs.
425,0,3,male,18,1,1,none,370129,2,20.2125,0,none,S,Mr.
187,1,3,female,29.84760522,1,0,none,370365,2,15.5,0,none,Q,Mrs.
365,0,3,male,29.84760522,1,0,none,370365,2,15.5,0,none,Q,Mr.
117,0,3,male,70.5,0,0,none,370369,1,7.75,0,none,Q,Mr.
199,1,3,female,29.84760522,0,0,none,370370,1,7.75,0,none,Q,Miss.
47,0,3,male,29.84760522,1,0,none,370371,1,15.5,0,none,Q,Mr.
127,0,3,male,29.84760522,0,0,none,370372,1,7.75,0,none,Q,Mr.
290,1,3,female,22,0,0,none,370373,1,7.75,0,none,Q,Miss.
275,1,3,female,29.84760522,0,0,none,370375,1,7.75,0,none,Q,Miss.
891,0,3,male,32,0,0,none,370376,1,7.75,0,none,Q,Mr.
614,0,3,male,29.84760522,0,0,none,370377,1,7.75,0,none,Q,Mr.
460,0,3,male,29.84760522,0,0,none,371060,1,7.75,0,none,Q,Mr.
110,1,3,female,29.84760522,1,0,none,371110,3,24.15,0,none,Q,Miss.
518,0,3,male,29.84760522,0,0,none,371110,3,24.15,0,none,Q,Mr.
769,0,3,male,29.84760522,1,0,none,371110,3,24.15,0,none,Q,Mr.
161,0,3,male,44,0,1,none,371362,1,16.1,0,none,S,Mr.
561,0,3,male,29.84760522,0,0,none,372622,1,7.75,0,none,Q,Mr.
5,0,3,male,35,0,0,none,373450,1,8.05,0,none,S,Mr.
78,0,3,male,29.84760522,0,0,none,374746,1,8.05,0,none,S,Mr.
786,0,3,male,25,0,0,none,374887,1,7.25,0,none,S,Mr.
96,0,3,male,29.84760522,0,0,none,374910,1,8.05,0,none,S,Mr.
432,1,3,female,29.84760522,1,0,none,376564,2,16.1,0,none,S,Mrs.
640,0,3,male,29.84760522,1,0,none,376564,2,16.1,0,none,S,Mr.
744,0,3,male,24,1,0,none,376566,1,16.1,0,none,S,Mr.
265,0,3,female,29.84760522,0,0,none,382649,1,7.75,0,none,Q,Miss.
511,1,3,male,29,0,0,none,382651,1,7.75,0,none,Q,Mr.
17,0,3,male,2,4,1,none,382652,5,29.125,0,none,Q,Master.
172,0,3,male,4,4,1,none,382652,5,29.125,0,none,Q,Master.
279,0,3,male,7,4,1,none,382652,5,29.125,0,none,Q,Master.
788,0,3,male,8,4,1,none,382652,5,29.125,0,none,Q,Master.
886,0,3,female,39,0,5,none,382652,5,29.125,0,none,Q,Mrs.
777,0,3,male,29.84760522,0,0,none,383121,1,7.75,38,F,Q,Mr.
261,0,3,male,29.84760522,0,0,none,384461,1,7.75,0,none,Q,Mr.
348,1,3,female,29.84760522,1,0,none,386525,1,16.1,0,none,S,Mrs.
885,0,3,male,25,0,0,SOTON/OQ,392076,1,7.05,0,none,S,Mr.
430,1,3,male,32,0,0,SOTON/O.Q.,392078,1,8.05,10,E,S,Mr.
564,0,3,male,29.84760522,0,0,SOTON/OQ,392082,1,8.05,0,none,S,Mr.
88,0,3,male,29.84760522,0,0,SOTON/OQ,392086,1,8.05,0,none,S,Mr.
565,0,3,female,29.84760522,0,0,SOTON/O.Q.,392087,1,8.05,0,none,S,Miss.
221,1,3,male,16,0,0,SOTON/OQ,392089,1,8.05,0,none,S,Mr.
158,0,3,male,30,0,0,SOTON/OQ,392090,1,8.05,0,none,S,Mr.
856,1,3,female,18,0,1,none,392091,1,9.35,0,none,S,Mrs.
838,0,3,male,29.84760522,0,0,none,392092,1,8.05,0,none,S,Mr.
752,1,3,male,6,0,1,none,392096,1,12.475,121,E,S,Master.
824,1,3,female,27,0,1,none,392096,1,12.475,121,E,S,Mrs.
412,0,3,male,29.84760522,0,0,none,394140,1,6.8583,0,none,Q,Mr.
203,0,3,male,34,0,0,none,3101264,1,6.4958,0,none,S,Mr.
787,1,3,female,18,0,0,none,3101265,1,7.4958,0,none,S,Miss.
372,0,3,male,18,1,0,none,3101267,1,6.4958,0,none,S,Mr.
415,1,3,male,44,0,0,STON/O2.,3101269,1,7.925,0,none,S,Mr.
730,0,3,female,25,1,0,STON/O2.,3101271,1,7.925,0,none,S,Miss.
762,0,3,male,41,0,0,SOTON/O2,3101272,1,7.125,0,none,S,Mr.
591,0,3,male,35,0,0,STON/O2.,3101273,1,7.125,0,none,S,Mr.
434,0,3,male,17,0,0,STON/O2.,3101274,1,7.125,0,none,S,Mr.
244,0,3,male,22,0,0,STON/O2.,3101275,1,7.125,0,none,S,Mr.
105,0,3,male,37,2,0,none,3101276,1,7.925,0,none,S,Mr.
393,0,3,male,28,2,0,none,3101277,1,7.925,0,none,S,Mr.
86,1,3,female,33,3,0,none,3101278,2,15.85,0,none,S,Mrs.
207,0,3,male,32,1,0,none,3101278,2,15.85,0,none,S,Mr.
143,1,3,female,24,1,0,STON/O2.,3101279,2,15.85,0,none,S,Mrs.
404,0,3,male,28,1,0,STON/O2.,3101279,2,15.85,0,none,S,Mr.
174,0,3,male,21,0,0,STON/O2.,3101280,1,7.925,0,none,S,Mr.
69,1,3,female,17,4,2,none,3101281,1,7.925,0,none,S,Miss.
3,1,3,female,26,0,0,STON/O2.,3101282,1,7.925,0,none,S,Miss.
217,1,3,female,27,0,0,STON/O2.,3101283,1,7.925,0,none,S,Miss.
665,1,3,male,20,1,0,STON/O2.,3101285,1,7.925,0,none,S,Mr.
580,1,3,male,32,0,0,STON/O2.,3101286,1,7.925,0,none,S,Mr.
841,0,3,male,20,0,0,SOTON/O2,3101287,1,7.925,0,none,S,Mr.
745,1,3,male,31,0,0,STON/O2.,3101288,1,7.925,0,none,S,Mr.
401,1,3,male,39,0,0,STON/O2.,3101289,1,7.925,0,none,S,Mr.
817,0,3,female,23,0,0,STON/O2.,3101290,1,7.925,0,none,S,Miss.
637,0,3,male,32,0,0,STON/O2.,3101292,1,7.925,0,none,S,Mr.
383,0,3,male,32,0,0,STON/O2.,3101293,1,7.925,0,none,S,Mr.
116,0,3,male,21,0,0,STON/O2.,3101294,1,7.925,0,none,S,Mr.
51,0,3,male,7,4,1,none,3101295,6,39.6875,0,none,S,Master.
165,0,3,male,1,4,1,none,3101295,6,39.6875,0,none,S,Master.
267,0,3,male,16,4,1,none,3101295,6,39.6875,0,none,S,Mr.
639,0,3,female,41,0,5,none,3101295,6,39.6875,0,none,S,Mrs.
687,0,3,male,14,4,1,none,3101295,6,39.6875,0,none,S,Mr.
825,0,3,male,2,4,1,none,3101295,6,39.6875,0,none,S,Master.
529,0,3,male,39,0,0,none,3101296,1,7.925,0,none,S,Mr.
480,1,3,female,2,0,1,none,3101298,1,12.2875,0,none,S,Miss.
612,0,3,male,29.84760522,0,0,SOTON/O.Q.,3101305,1,7.05,0,none,S,Mr.
466,0,3,male,38,0,0,SOTON/O.Q.,3101306,1,7.05,0,none,S,Mr.
132,0,3,male,20,0,0,SOTON/O.Q.,3101307,1,7.05,0,none,S,Mr.
364,0,3,male,35,0,0,SOTON/O.Q.,3101310,1,7.05,0,none,S,Mr.
211,0,3,male,24,0,0,SOTON/O.Q.,3101311,1,7.05,0,none,S,Mr.
785,0,3,male,25,0,0,SOTON/O.Q.,3101312,1,7.05,0,none,S,Mr.
512,0,3,male,29.84760522,0,0,SOTON/OQ,3101316,1,8.05,0,none,S,Mr.
492,0,3,male,21,0,0,SOTON/OQ,3101317,1,7.25,0,none,S,Mr.
